#,Игрок,Амплуа,Возраст,Нац.,Клуб(ы),Стоимость,Матчи,Голы,автоголы,Передачи,Желтые карточки,Вторая желтая карточка,Красные карточки,Вышел на замену,Заменен,Гол+Пас за один матч
1,Erling Haaland,Центральный нап.,23,Норвегия,Манчестер Сити,"180,00 млн €",8,7,0,2,0,0,0,0,3,1.12
10,Rodrygo,Правый Вингер,22,Бразилия,Реал Мадрид,"100,00 млн €",5,1,0,0,0,0,0,0,3,0.2
11,Federico Valverde,Центр. полузащитник,25,Уругвай,Реал Мадрид,"100,00 млн €",5,1,0,0,0,0,0,1,2,0.2
12,Gavi,Центр. полузащитник,19,Испания,Барселона,"90,00 млн €",6,2,0,0,3,0,0,1,2,0.33
13,Declan Rice,Опорный полузащитник,24,Англия,Арсенал,"90,00 млн €",7,1,0,0,0,0,0,0,2,0.14
14,Rodri,Опорный полузащитник,27,Испания,Манчестер Сити,"90,00 млн €",8,3,0,2,3,0,0,0,2,0.62
15,Rafael Leão,Левый Вингер,24,Португалия,Милан,"90,00 млн €",5,2,0,2,0,0,0,0,2,0.8
16,Martin Ødegaard,Атак. полузащитник,24,Норвегия,Арсенал,"90,00 млн €",7,2,0,0,0,0,0,0,4,0.29
17,Harry Kane,Центральный нап.,30,Англия,Бавария Мюнхен,"90,00 млн €",6,5,0,1,0,0,0,1,4,1.0
18,Eduardo Camavinga,Центр. полузащитник,20,Франция,Реал Мадрид,"85,00 млн €",6,0,0,1,0,0,0,2,3,0.17
19,Florian Wirtz,Атак. полузащитник,20,Германия,Байер 04 Леверкузен,"85,00 млн €",7,2,0,3,1,0,0,0,6,0.71
2,Kylian Mbappé,Центральный нап.,24,Франция,Пари Сен-Жермен,"180,00 млн €",5,8,0,0,0,0,0,1,0,1.6
20,Khvicha Kvaratskhelia,Левый Вингер,22,Грузия,Наполи,"85,00 млн €",3,0,0,1,0,0,0,1,2,0.33
21,Aurélien Tchouaméni,Опорный полузащитник,23,Франция,Реал Мадрид,"85,00 млн €",6,0,0,0,1,0,0,0,3,0.0
22,Lautaro Martínez,Центральный нап.,26,Аргентина,Интернационале,"85,00 млн €",4,5,0,2,1,0,0,0,1,1.75
23,Gabriel Martinelli,Левый Вингер,22,Бразилия,Арсенал,"80,00 млн €",6,0,0,2,0,0,0,0,5,0.33
24,Enzo Fernández,Опорный полузащитник,22,Аргентина,Челси,"80,00 млн €",6,1,0,0,2,0,0,1,1,0.17
25,Randal Kolo Muani,Центральный нап.,24,Франция,Пари Сен-Жермен,"80,00 млн €",7,3,0,1,0,0,0,1,6,0.57
3,Vinicius Junior,Левый Вингер,23,Бразилия,Реал Мадрид,"150,00 млн €",3,1,0,0,0,0,0,0,3,0.33
4,Jude Bellingham,Центр. полузащитник,20,Англия,Реал Мадрид,"120,00 млн €",6,6,0,2,1,0,0,0,2,1.33
5,Bukayo Saka,Правый Вингер,22,Англия,Арсенал,"120,00 млн €",7,2,0,3,1,0,0,1,1,0.71
6,Victor Osimhen,Центральный нап.,24,Нигерия,Наполи,"120,00 млн €",4,3,0,0,0,0,0,0,1,0.75
7,Jamal Musiala,Атак. полузащитник,20,Германия,Бавария Мюнхен,"110,00 млн €",3,0,0,0,0,0,0,1,1,0.0
8,Phil Foden,Левый Вингер,23,Англия,Манчестер Сити,"110,00 млн €",9,1,0,4,0,0,0,2,4,0.56
9,Pedri,Центр. полузащитник,20,Испания,Барселона,"100,00 млн €",2,1,0,0,1,0,0,0,1,0.5
26,Christopher Nkunku,Оттянутый нап.,25,Франция,Челси,"80,00 млн €",0,0,0,0,0,0,0,0,0,
27,Marcus Rashford,Левый Вингер,25,Англия,Манчестер Юнайтед,"80,00 млн €",6,1,0,1,1,0,0,0,3,0.33
28,Rúben Dias,Центр. защитник,26,Португалия,Манчестер Сити,"80,00 млн €",6,0,0,0,1,0,0,0,1,0.0
29,Bernardo Silva,Атак. полузащитник,29,Португалия,Манчестер Сити,"80,00 млн €",6,1,0,1,1,0,0,1,2,0.33
30,Moisés Caicedo,Опорный полузащитник,21,Эквадор,Челси,"75,00 млн €",4,0,0,0,0,0,0,2,1,0.0
31,Luis Díaz,Левый Вингер,26,Колумбия,Ливерпуль,"75,00 млн €",5,2,0,0,0,0,0,1,4,0.4
32,Josko Gvardiol,Центр. защитник,21,Хорватия,Манчестер Сити,"75,00 млн €",5,0,0,0,1,0,0,1,1,0.0
33,Gabriel Jesus,Центральный нап.,26,Бразилия,Арсенал,"75,00 млн €",3,1,0,0,1,0,0,3,0,0.33
34,Frenkie de Jong,Центр. полузащитник,26,Нидерланды,Барселона,"75,00 млн €",6,1,0,0,2,0,0,0,1,0.17
35,Matthijs de Ligt,Центр. защитник,24,Нидерланды,Бавария Мюнхен,"75,00 млн €",5,0,0,0,0,0,0,4,1,0.0
36,Nicolò Barella,Центр. полузащитник,26,Италия,Интернационале,"75,00 млн €",4,0,0,0,1,0,0,0,3,0.0
37,Bruno Fernandes,Атак. полузащитник,29,Португалия,Манчестер Юнайтед,"75,00 млн €",5,1,0,1,3,0,0,0,0,0.4
38,Jack Grealish,Левый Вингер,28,Англия,Манчестер Сити,"75,00 млн €",4,0,0,1,0,0,0,0,1,0.25
39,Joshua Kimmich,Опорный полузащитник,28,Германия,Бавария Мюнхен,"75,00 млн €",6,0,0,2,0,0,0,0,2,0.33
40,Bruno Guimarães,Опорный полузащитник,25,Бразилия,Ньюкасл Юнайтед,"70,00 млн €",6,0,0,0,3,0,0,0,1,0.0
41,Ronald Araújo,Центр. защитник,24,Уругвай,Барселона,"70,00 млн €",1,0,0,0,0,0,0,0,0,0.0
42,Alphonso Davies,Левый защитник,22,Канада,Бавария Мюнхен,"70,00 млн €",5,0,0,3,0,0,0,0,0,0.6
43,Éder Militão,Центр. защитник,25,Бразилия,Реал Мадрид,"70,00 млн €",1,0,0,0,0,0,0,0,1,0.0
44,Dusan Vlahovic,Центральный нап.,23,Сербия,Ювентус,"70,00 млн €",4,4,0,1,2,0,0,0,3,1.25
45,Alexander Isak,Центральный нап.,23,Швеция,Ньюкасл Юнайтед,"70,00 млн €",5,2,0,0,0,0,0,0,5,0.4
46,Kevin De Bruyne,Атак. полузащитник,32,Бельгия,Манчестер Сити,"70,00 млн €",2,0,0,1,0,0,0,1,1,0.5
47,Nuno Mendes,Левый защитник,21,Португалия,Пари Сен-Жермен,"65,00 млн €",0,0,0,0,0,0,0,0,0,
48,Darwin Núñez,Центральный нап.,24,Уругвай,Ливерпуль,"65,00 млн €",5,2,0,1,1,0,0,4,1,0.6
49,Alexis Mac Allister,Центр. полузащитник,24,Аргентина,Ливерпуль,"65,00 млн €",5,0,0,0,2,0,1,0,3,0.0
50,William Saliba,Центр. защитник,22,Франция,Арсенал,"65,00 млн €",7,0,0,1,0,0,0,0,0,0.14
51,Reece James,Правый защитник,23,Англия,Челси,"65,00 млн €",1,0,0,0,0,0,0,0,1,0.0
52,Achraf Hakimi,Правый защитник,24,Марокко,Пари Сен-Жермен,"65,00 млн €",7,2,0,1,1,0,0,0,0,0.43
53,Trent Alexander-Arnold,Правый защитник,24,Англия,Ливерпуль,"65,00 млн €",4,0,0,1,2,0,0,0,2,0.25
54,Kingsley Coman,Левый Вингер,27,Франция,Бавария Мюнхен,"65,00 млн €",5,0,0,0,1,0,0,1,4,0.0
55,Leroy Sané,Правый Вингер,27,Германия,Бавария Мюнхен,"65,00 млн €",7,5,0,0,0,0,0,0,1,0.71
56,Marquinhos,Центр. защитник,29,Бразилия,Пари Сен-Жермен,"65,00 млн €",5,0,0,0,0,0,0,1,0,0.0
57,Mohamed Salah,Правый Вингер,31,Египет,Ливерпуль,"65,00 млн €",6,2,0,4,0,0,0,0,3,1.0
58,Antony,Правый Вингер,23,Бразилия,Манчестер Юнайтед,"60,00 млн €",4,0,0,0,1,0,0,0,4,0.0
59,Julián Álvarez,Центральный нап.,23,Аргентина,Манчестер Сити,"60,00 млн €",8,4,0,4,2,0,0,1,1,1.0
60,Jonathan David,Центральный нап.,23,Канада,Лилль,"60,00 млн €",7,3,0,1,2,0,0,0,2,0.57
61,Min-jae Kim,Центр. защитник,26,Южная Корея,Бавария Мюнхен,"60,00 млн €",7,0,0,0,1,0,0,1,2,0.0
62,Jules Koundé,Центр. защитник,24,Франция,Барселона,"60,00 млн €",7,1,0,0,0,0,0,1,0,0.14
63,Raphinha,Правый Вингер,26,Бразилия,Барселона,"60,00 млн €",4,1,0,1,1,0,1,2,1,0.5
64,Cristian Romero,Центр. защитник,25,Аргентина,Тоттенхэм Хотспур,"60,00 млн €",5,2,0,0,0,0,0,0,1,0.4
65,Mason Mount,Атак. полузащитник,24,Англия,Манчестер Юнайтед,"60,00 млн €",2,0,0,0,0,0,0,0,2,0.0
66,Dayot Upamecano,Центр. защитник,24,Франция,Бавария Мюнхен,"60,00 млн €",5,0,0,0,1,0,0,0,0,0.0
67,Theo Hernández,Левый защитник,25,Франция,Милан,"60,00 млн €",6,1,0,0,3,0,0,0,1,0.17
68,Alessandro Bastoni,Центр. защитник,24,Италия,Интернационале,"60,00 млн €",4,0,0,0,0,0,0,0,1,0.0
69,James Maddison,Атак. полузащитник,26,Англия,Тоттенхэм Хотспур,"60,00 млн €",6,2,0,2,2,0,0,1,2,0.67
70,Ousmane Dembélé,Правый Вингер,26,Франция,Пари Сен-Жермен,"60,00 млн €",6,0,0,0,0,0,0,2,3,0.0
71,Neymar,Левый Вингер,31,Бразилия,Аль-Хилаль Эр-Рияд,"60,00 млн €",2,0,0,2,1,0,0,1,0,1.0
72,Wesley Fofana,Центр. защитник,22,Франция,Челси,"55,00 млн €",0,0,0,0,0,0,0,0,0,
73,Gabriel Magalhães,Центр. защитник,25,Бразилия,Арсенал,"55,00 млн €",5,0,0,0,2,0,0,2,1,0.0
74,Cody Gakpo,Левый Вингер,24,Нидерланды,Ливерпуль,"55,00 млн €",5,1,0,0,0,0,0,1,4,0.2
75,Ben White,Правый защитник,25,Англия,Арсенал,"55,00 млн €",6,0,0,0,1,0,0,0,0,0.0
100,Lucas Paquetá,Атак. полузащитник,26,Бразилия,Вест Хэм Юнайтед,"45,00 млн €",5,1,0,1,3,0,0,0,3,0.4
76,Kai Havertz,Атак. полузащитник,24,Германия,Арсенал,"55,00 млн €",8,0,0,1,2,0,0,2,4,0.12
77,Serge Gnabry,Правый Вингер,28,Германия,Бавария Мюнхен,"55,00 млн €",6,0,0,0,0,0,0,1,4,0.0
78,Raheem Sterling,Левый Вингер,28,Англия,Челси,"55,00 млн €",5,2,0,0,1,0,0,0,2,0.4
79,Alejandro Balde,Левый защитник,19,Испания,Барселона,"50,00 млн €",5,0,0,0,1,0,0,0,2,0.0
80,Gonçalo Ramos,Центральный нап.,22,Португалия,Пари Сен-Жермен,"50,00 млн €",5,0,0,0,0,0,0,2,1,0.0
81,Mykhaylo Mudryk,Левый Вингер,22,Украина,Челси,"50,00 млн €",4,0,0,0,1,0,0,3,1,0.0
82,Lisandro Martínez,Центр. защитник,25,Аргентина,Манчестер Юнайтед,"50,00 млн €",5,0,1,1,2,0,0,0,3,0.2
83,Manuel Ugarte,Опорный полузащитник,22,Уругвай,Пари Сен-Жермен,"50,00 млн €",6,0,0,2,1,0,0,1,1,0.33
84,João Félix,Оттянутый нап.,23,Португалия,Барселона,"50,00 млн €",3,3,0,1,0,0,0,1,2,1.33
85,Dominik Szoboszlai,Атак. полузащитник,22,Венгрия,Ливерпуль,"50,00 млн €",6,1,0,0,0,0,0,0,0,0.17
86,Dejan Kulusevski,Правый Вингер,23,Швеция,Тоттенхэм Хотспур,"50,00 млн €",6,2,0,0,1,0,0,1,2,0.33
87,Sandro Tonali,Опорный полузащитник,23,Италия,Ньюкасл Юнайтед,"50,00 млн €",5,1,0,0,2,0,0,0,5,0.2
88,Moussa Diaby,Правый Вингер,24,Франция,Астон Вилла,"50,00 млн €",6,2,0,2,0,0,0,0,3,0.67
89,Diogo Jota,Левый Вингер,26,Португалия,Ливерпуль,"50,00 млн €",5,1,0,0,1,0,0,2,3,0.2
90,Mikel Merino,Центр. полузащитник,27,Испания,Реал Сосьедад,"50,00 млн €",3,0,0,0,1,0,0,0,1,0.0
91,Sergej Milinkovic-Savic,Центр. полузащитник,28,Сербия,Аль-Хилаль Эр-Рияд,"50,00 млн €",4,0,0,2,0,0,1,0,1,0.5
92,Milan Skriniar,Центр. защитник,28,Словакия,Пари Сен-Жермен,"50,00 млн €",6,0,0,0,1,0,0,0,0,0.0
93,João Cancelo,Правый защитник,29,Португалия,Барселона,"50,00 млн €",3,1,0,0,0,0,0,1,1,0.33
94,Heung-min Son,Левый Вингер,31,Южная Корея,Тоттенхэм Хотспур,"50,00 млн €",8,3,0,0,0,0,0,1,4,0.38
95,Richarlison,Центральный нап.,26,Бразилия,Тоттенхэм Хотспур,"48,00 млн €",6,2,0,1,2,0,0,2,3,0.5
96,António Silva,Центр. защитник,19,Португалия,Бенфика,"45,00 млн €",6,0,0,0,1,0,0,0,1,0.0
97,Rasmus Højlund,Центральный нап.,20,Дания,Манчестер Юнайтед,"45,00 млн €",2,0,0,0,0,0,0,1,1,0.0
98,Matheus Nunes,Центр. полузащитник,25,Португалия,Манчестер Сити,"45,00 млн €",4,0,0,0,0,1,0,1,0,0.0
99,Amadou Onana,Опорный полузащитник,22,Бельгия,Эвертон,"45,00 млн €",6,0,0,0,0,0,0,0,0,0.0
101,Jadon Sancho,Левый Вингер,23,Англия,Манчестер Юнайтед,"45,00 млн €",3,0,0,0,0,0,0,3,0,0.0
102,Pau Torres,Центр. защитник,26,Испания,Астон Вилла,"45,00 млн €",7,0,0,1,0,0,0,1,1,0.14
103,Sven Botman,Центр. защитник,23,Нидерланды,Ньюкасл Юнайтед,"45,00 млн €",5,0,0,1,1,0,0,0,1,0.2
104,Diogo Costa,Вратарь,24,Португалия,Порту,"45,00 млн €",7,0,0,0,0,0,0,0,0,0.0
105,Gianluigi Donnarumma,Вратарь,24,Италия,Пари Сен-Жермен,"45,00 млн €",6,0,0,0,1,0,0,0,0,0.0
106,Lucas Hernández,Центр. защитник,27,Франция,Пари Сен-Жермен,"45,00 млн €",6,0,0,1,1,0,0,0,4,0.17
107,Mike Maignan,Вратарь,28,Франция,Милан,"45,00 млн €",6,0,0,0,0,0,0,0,1,0.0
108,Pierre-Emile Højbjerg,Центр. полузащитник,28,Дания,Тоттенхэм Хотспур,"45,00 млн €",5,0,0,0,1,0,0,4,0,0.0
109,Leon Goretzka,Центр. полузащитник,28,Германия,Бавария Мюнхен,"45,00 млн €",5,1,0,0,0,0,0,1,2,0.2
110,Thibaut Courtois,Вратарь,31,Бельгия,Реал Мадрид,"45,00 млн €",0,0,0,0,0,0,0,0,0,
111,Jacob Ramsey,Центр. полузащитник,22,Англия,Астон Вилла,"42,00 млн €",0,0,0,0,0,0,0,0,0,
112,Vitinha,Центр. полузащитник,23,Португалия,Пари Сен-Жермен,"42,00 млн €",6,0,0,1,0,0,0,0,3,0.17
113,Jurrien Timber,Центр. защитник,22,Нидерланды,Арсенал,"42,00 млн €",2,0,0,0,1,0,0,0,2,0.0
114,Joelinton,Центр. полузащитник,27,Бразилия,Ньюкасл Юнайтед,"42,00 млн €",4,0,0,0,1,0,0,0,3,0.0
115,Fabinho,Опорный полузащитник,29,Бразилия,Иттихад,"42,00 млн €",7,0,0,1,0,0,0,0,2,0.14
116,Oleksandr Zinchenko,Левый защитник,26,Украина,Арсенал,"42,00 млн €",4,0,0,0,0,0,0,2,2,0.0
117,Luke Shaw,Левый защитник,28,Англия,Манчестер Юнайтед,"42,00 млн €",2,0,0,0,1,0,0,0,0,0.0
118,Nathan Aké,Центр. защитник,28,Нидерланды,Манчестер Сити,"42,00 млн €",6,1,0,0,0,0,0,1,1,0.17
119,Manu Koné,Центр. полузащитник,22,Франция,Боруссия Мёнхенгладбах,"40,00 млн €",0,0,0,0,0,0,0,0,0,
120,Giorgio Scalvini,Центр. защитник,19,Италия,Аталанта,"40,00 млн €",4,0,0,0,0,0,0,0,0,0.0
121,Yéremy Pino,Правый Вингер,20,Испания,Вильярреал,"40,00 млн €",2,0,0,0,1,0,0,0,1,0.0
122,Xavi Simons,Правый Вингер,20,Нидерланды,РБ Лейпциг,"40,00 млн €",6,3,0,4,1,0,0,0,6,1.17
123,Pedro Porro,Правый защитник,24,Испания,Тоттенхэм Хотспур,"40,00 млн €",4,0,0,1,0,0,0,0,2,0.25
124,Mohammed Kudus,Атак. полузащитник,23,Гана,Вест Хэм Юнайтед,"40,00 млн €",6,5,0,1,0,0,0,2,2,1.0
125,Bremer,Центр. защитник,26,Бразилия,Ювентус,"40,00 млн €",4,0,0,0,1,0,0,0,0,0.0
126,Karim Adeyemi,Левый Вингер,21,Германия,Боруссия Дортмунд,"40,00 млн €",5,0,0,0,0,0,0,2,2,0.0
127,Jeremie Frimpong,Правый защитник,22,Нидерланды,Байер 04 Леверкузен,"40,00 млн €",5,2,0,3,1,0,0,0,5,1.0
128,Eberechi Eze,Атак. полузащитник,25,Англия,Кристал Пэлас,"40,00 млн €",7,1,0,2,1,0,0,2,0,0.43
129,Khéphren Thuram,Центр. полузащитник,22,Франция,Ницца,"40,00 млн €",4,0,0,0,2,0,0,0,3,0.0
130,Benoît Badiashile,Центр. защитник,22,Франция,Челси,"40,00 млн €",0,0,0,0,0,0,0,0,0,
131,Douglas Luiz,Центр. полузащитник,25,Бразилия,Астон Вилла,"40,00 млн €",7,3,0,0,2,0,0,0,4,0.43
132,Morgan Gibbs-White,Атак. полузащитник,23,Англия,Ноттингем Форест,"40,00 млн €",6,0,0,1,1,0,0,1,0,0.17
133,Aaron Ramsdale,Вратарь,25,Англия,Арсенал,"40,00 млн €",6,0,0,0,0,0,0,0,0,0.0
134,Martín Zubimendi,Опорный полузащитник,24,Испания,Реал Сосьедад,"40,00 млн €",5,1,0,0,1,0,0,0,0,0.2
135,Nico Schlotterbeck,Центр. защитник,23,Германия,Боруссия Дортмунд,"40,00 млн €",6,0,0,0,1,0,0,1,1,0.0
136,Diogo Dalot,Правый защитник,24,Португалия,Манчестер Юнайтед,"40,00 млн €",4,0,0,0,0,0,0,1,0,0.0
137,Rodrigo Bentancur,Центр. полузащитник,26,Уругвай,Тоттенхэм Хотспур,"40,00 млн €",0,0,0,0,0,0,0,0,0,
138,Frank Anguissa,Центр. полузащитник,27,Камерун,Наполи,"40,00 млн €",4,0,0,0,0,0,0,1,1,0.0
139,Benjamin Pavard,Центр. защитник,27,Франция,Интернационале,"40,00 млн €",2,0,0,0,1,0,0,0,2,0.0
140,Ismaël Bennacer,Опорный полузащитник,25,Алжир,Милан,"40,00 млн €",0,0,0,0,0,0,0,0,0,
141,Mikel Oyarzabal,Левый Вингер,26,Испания,Реал Сосьедад,"40,00 млн €",5,0,0,1,1,0,0,2,3,0.2
142,Federico Chiesa,Левый Вингер,25,Италия,Ювентус,"40,00 млн €",4,3,0,0,0,0,0,0,4,0.75
143,Tammy Abraham,Центральный нап.,25,Англия,Рома,"40,00 млн €",0,0,0,0,0,0,0,0,0,
144,Ollie Watkins,Центральный нап.,27,Англия,Астон Вилла,"40,00 млн €",7,3,0,2,0,0,0,1,5,0.71
145,Fikayo Tomori,Центр. защитник,25,Англия,Милан,"40,00 млн €",4,0,0,0,0,1,0,0,0,0.0
146,Dani Olmo,Атак. полузащитник,25,Испания,РБ Лейпциг,"40,00 млн €",4,5,0,1,1,0,0,0,2,1.5
147,João Palhinha,Опорный полузащитник,28,Португалия,Фулхэм,"40,00 млн €",4,1,0,0,1,0,0,1,0,0.25
148,Rodrigo de Paul,Центр. полузащитник,29,Аргентина,Атлетико Мадрид,"40,00 млн €",3,0,0,2,0,0,0,0,3,0.67
149,Ederson,Вратарь,30,Бразилия,Манчестер Сити,"40,00 млн €",7,0,0,0,0,0,0,0,0,0.0
150,Andrew Robertson,Левый защитник,29,Шотландия,Ливерпуль,"40,00 млн €",6,1,0,1,0,0,0,0,0,0.33
151,Rúben Neves,Опорный полузащитник,26,Португалия,Аль-Хилаль Эр-Рияд,"40,00 млн €",7,0,0,1,1,0,0,0,3,0.14
152,Andreas Christensen,Центр. защитник,27,Дания,Барселона,"40,00 млн €",6,0,0,1,0,0,0,0,5,0.17
153,Stanislav Lobotka,Опорный полузащитник,28,Словакия,Наполи,"40,00 млн €",4,0,0,0,1,0,0,0,3,0.0
154,Julian Brandt,Атак. полузащитник,27,Германия,Боруссия Дортмунд,"40,00 млн €",8,2,0,3,0,0,0,2,2,0.62
155,John Stones,Центр. защитник,29,Англия,Манчестер Сити,"40,00 млн €",1,0,0,0,0,0,0,0,0,0.0
156,Adrien Rabiot,Центр. полузащитник,28,Франция,Ювентус,"40,00 млн €",5,1,0,1,1,0,0,0,1,0.4
157,Hakan Çalhanoğlu,Опорный полузащитник,29,Турция,Интернационале,"40,00 млн €",5,2,0,0,1,0,0,1,2,0.4
158,Marco Verratti,Центр. полузащитник,30,Италия,Аль-Араби Доха,"40,00 млн €",0,0,0,0,0,0,0,0,0,
159,Romelu Lukaku,Центральный нап.,30,Бельгия,Рома,"40,00 млн €",2,1,0,0,1,0,0,1,1,0.5
160,David Alaba,Центр. защитник,31,Австрия,Реал Мадрид,"40,00 млн €",6,0,0,1,2,0,0,1,0,0.17
161,Casemiro,Опорный полузащитник,31,Бразилия,Манчестер Юнайтед,"40,00 млн €",5,1,0,0,0,0,0,0,1,0.2
162,Michael Olise,Правый Вингер,21,Франция,Кристал Пэлас,"38,00 млн €",0,0,0,0,0,0,0,0,0,
163,Anthony Gordon,Левый Вингер,22,Англия,Ньюкасл Юнайтед,"38,00 млн €",6,1,0,1,4,0,0,0,4,0.33
164,Brennan Johnson,Правый Вингер,22,Уэльс,Тоттенхэм Хотспур,"38,00 млн €",6,0,0,0,1,0,0,2,4,0.0
165,Ibrahima Konaté,Центр. защитник,24,Франция,Ливерпуль,"38,00 млн €",3,0,0,0,0,0,0,1,0,0.0
166,Joe Willock,Центр. полузащитник,24,Англия,Ньюкасл Юнайтед,"38,00 млн €",0,0,0,0,0,0,0,0,0,
167,Jarrod Bowen,Правый Вингер,26,Англия,Вест Хэм Юнайтед,"38,00 млн €",5,3,0,1,1,0,0,0,0,0.8
168,Manuel Akanji,Центр. защитник,28,Швейцария,Манчестер Сити,"38,00 млн €",7,0,0,0,0,0,0,1,0,0.0
169,James Ward-Prowse,Центр. полузащитник,28,Англия,Вест Хэм Юнайтед,"38,00 млн €",5,2,0,4,1,0,0,0,1,1.2
170,Mateo Kovacic,Центр. полузащитник,29,Хорватия,Манчестер Сити,"38,00 млн €",6,0,0,0,0,0,0,1,3,0.0
171,Piero Hincapié,Центр. защитник,21,Эквадор,Байер 04 Леверкузен,"35,00 млн €",1,0,0,0,0,0,0,1,0,0.0
172,Elye Wahi,Центральный нап.,20,Франция,Ланс,"35,00 млн €",6,2,0,1,1,0,0,4,2,0.5
173,Levi Colwill,Центр. защитник,20,Англия,Челси,"35,00 млн €",6,0,0,0,0,0,0,0,2,0.0
174,Harvey Elliott,Атак. полузащитник,20,Англия,Ливерпуль,"35,00 млн €",6,0,0,0,1,0,0,5,0,0.0
175,Cheick Doucouré,Опорный полузащитник,23,Мали,Кристал Пэлас,"35,00 млн €",5,0,0,0,1,0,0,0,1,0.0
176,Ansu Fati,Левый Вингер,20,Испания,Брайтон энд Хоув Альбион,"35,00 млн €",4,0,0,0,0,0,0,4,0,0.0
177,Orkun Kökcü,Центр. полузащитник,22,Турция,Бенфика,"35,00 млн €",7,1,0,1,2,0,0,0,6,0.29
178,Nicolò Fagioli,Центр. полузащитник,22,Италия,Ювентус,"35,00 млн €",3,0,0,0,0,0,0,2,1,0.0
179,Nahuel Molina,Правый защитник,25,Аргентина,Атлетико Мадрид,"35,00 млн €",3,1,0,1,0,0,0,1,0,0.67
180,Amine Gouiri,Центральный нап.,23,Франция,Стад Ренн,"35,00 млн €",5,1,0,0,0,0,0,0,2,0.2
181,Bryan Mbeumo,Правый Вингер,24,Камерун,Брентфорд,"35,00 млн €",6,4,0,0,0,0,0,1,0,0.67
182,Giacomo Raspadori,Оттянутый нап.,23,Италия,Наполи,"35,00 млн €",4,1,0,0,0,0,0,2,1,0.25
183,Edson Álvarez,Опорный полузащитник,25,Мексика,Вест Хэм Юнайтед,"35,00 млн €",6,0,0,0,2,0,0,1,3,0.0
184,Harvey Barnes,Левый Вингер,25,Англия,Ньюкасл Юнайтед,"35,00 млн €",6,1,0,1,1,0,0,5,1,0.33
185,Emile Smith Rowe,Атак. полузащитник,23,Англия,Арсенал,"35,00 млн €",1,0,0,0,0,0,0,1,0,0.0
186,Marc Guéhi,Центр. защитник,23,Англия,Кристал Пэлас,"35,00 млн €",6,0,0,0,0,0,0,1,2,0.0
187,Ibrahim Sangaré,Опорный полузащитник,25,Кот-д'Ивуар,Ноттингем Форест,"35,00 млн €",8,2,0,1,0,0,0,0,0,0.38
188,Loïs Openda,Центральный нап.,23,Бельгия,РБ Лейпциг,"35,00 млн €",6,3,0,1,0,0,0,0,6,0.67
189,Nayef Aguerd,Центр. защитник,27,Марокко,Вест Хэм Юнайтед,"35,00 млн €",5,1,0,0,0,1,0,0,0,0.2
190,Robin Le Normand,Центр. защитник,26,Испания,Реал Сосьедад,"35,00 млн €",5,0,1,0,3,0,0,0,0,0.0
191,Ben Chilwell,Левый защитник,26,Англия,Челси,"35,00 млн €",5,0,0,1,2,0,0,1,4,0.2
192,Lorenzo Pellegrini,Атак. полузащитник,27,Италия,Рома,"35,00 млн €",2,0,0,0,1,0,0,1,0,0.0
193,Marc Cucurella,Левый защитник,25,Испания,Челси,"35,00 млн €",1,0,0,0,0,0,0,0,0,0.0
194,Tomas Soucek,Опорный полузащитник,28,Чехия,Вест Хэм Юнайтед,"35,00 млн €",5,0,0,1,2,0,0,0,2,0.2
195,Marcos Llorente,Центр. полузащитник,28,Испания,Атлетико Мадрид,"35,00 млн €",5,2,0,0,1,0,0,1,1,0.4
196,Gregor Kobel,Вратарь,25,Швейцария,Боруссия Дортмунд,"35,00 млн €",6,0,0,0,0,0,0,0,0,0.0
197,Ivan Toney,Центральный нап.,27,Англия,Брентфорд,"35,00 млн €",0,0,0,0,0,0,0,0,0,
198,José María Giménez,Центр. защитник,28,Уругвай,Атлетико Мадрид,"35,00 млн €",2,0,0,0,0,0,0,2,0,0.0
199,André Onana,Вратарь,27,Камерун,Манчестер Юнайтед,"35,00 млн €",5,0,0,0,2,0,0,0,0,0.0
200,Otávio,Правый Вингер,28,Португалия,Аль-Наср Эр-Рияд,"35,00 млн €",7,1,0,0,1,0,0,0,4,0.14
201,Thomas Partey,Опорный полузащитник,30,Гана,Арсенал,"35,00 млн €",4,0,0,0,1,0,0,0,1,0.0
202,Federico Dimarco,Левый защитник,25,Италия,Интернационале,"35,00 млн €",4,0,0,3,0,0,0,0,4,0.75
203,Piotr Zielinski,Центр. полузащитник,29,Польша,Наполи,"35,00 млн €",4,1,0,1,0,0,0,0,2,0.5
204,Niklas Süle,Центр. защитник,28,Германия,Боруссия Дортмунд,"35,00 млн €",7,0,0,0,1,0,0,1,1,0.0
205,Raphaël Varane,Центр. защитник,30,Франция,Манчестер Юнайтед,"35,00 млн €",3,1,0,0,0,0,0,0,1,0.33
206,Leandro Trossard,Левый Вингер,28,Бельгия,Арсенал,"35,00 млн €",4,2,0,0,0,0,0,3,1,0.5
207,Virgil van Dijk,Центр. защитник,32,Нидерланды,Ливерпуль,"35,00 млн €",3,0,0,0,0,0,1,0,0,0.0
208,Jan Oblak,Вратарь,30,Словения,Атлетико Мадрид,"35,00 млн €",5,0,0,0,0,0,0,0,0,0.0
209,Alisson,Вратарь,30,Бразилия,Ливерпуль,"35,00 млн €",5,0,0,0,1,0,0,0,0,0.0
210,Marc-André ter Stegen,Вратарь,31,Германия,Барселона,"35,00 млн €",8,0,0,0,1,0,0,0,0,0.0
211,Lionel Messi,Правый Вингер,36,Аргентина,Интер Майами,"35,00 млн €",0,0,0,0,0,0,0,0,0,
212,Vitor Roque,Центральный нап.,18,Бразилия,Атлетико Паранаэнсе,"32,00 млн €",1,0,0,0,0,0,0,0,1,0.0
213,Roméo Lavia,Опорный полузащитник,19,Бельгия,Челси,"32,00 млн €",0,0,0,0,0,0,0,0,0,
214,João Pedro,Оттянутый нап.,21,Бразилия,Брайтон энд Хоув Альбион,"32,00 млн €",6,2,0,0,1,0,0,4,2,0.33
215,Kaoru Mitoma,Левый Вингер,26,Япония,Брайтон энд Хоув Альбион,"32,00 млн €",6,1,0,3,2,0,0,0,2,0.67
216,Conor Gallagher,Центр. полузащитник,23,Англия,Челси,"32,00 млн €",7,0,0,0,1,0,0,1,2,0.0
217,Pedro Gonçalves,Левый Вингер,25,Португалия,Спортинг Лиссабон,"32,00 млн €",5,1,0,0,1,0,0,0,3,0.2
218,Kalvin Phillips,Опорный полузащитник,27,Англия,Манчестер Сити,"32,00 млн €",3,0,0,0,1,0,0,2,0,0.0
219,Fabián Ruiz,Центр. полузащитник,27,Испания,Пари Сен-Жермен,"32,00 млн €",4,0,0,1,0,0,0,3,1,0.25
220,Pervis Estupiñán,Левый защитник,25,Эквадор,Брайтон энд Хоув Альбион,"32,00 млн €",4,1,0,2,2,0,0,0,0,0.75
221,Marcus Thuram,Центральный нап.,26,Франция,Интернационале,"32,00 млн €",5,2,0,3,0,0,0,1,4,1.0
222,Miguel Almirón,Правый Вингер,29,Парагвай,Ньюкасл Юнайтед,"32,00 млн €",6,0,0,0,0,0,0,2,3,0.0
223,Allan Saint-Maximin,Левый Вингер,26,Франция,Аль-Ахли,"32,00 млн €",6,1,0,2,0,0,0,0,2,0.5
224,Seko Fofana,Центр. полузащитник,28,Кот-д'Ивуар,Аль-Наср Эр-Рияд,"32,00 млн €",1,0,0,0,0,0,0,0,1,0.0
225,Antonio Rüdiger,Центр. защитник,30,Германия,Реал Мадрид,"32,00 млн €",7,0,0,0,3,0,0,1,0,0.0
226,Nicolas Jackson,Центральный нап.,22,Сенегал,Челси,"30,00 млн €",7,1,0,0,4,0,0,1,1,0.14
227,Nico Williams,Правый Вингер,21,Испания,Атлетик Бильбао,"30,00 млн €",4,0,0,4,0,0,0,0,4,1.0
228,Gabri Veiga,Центр. полузащитник,21,Испания,Аль-Ахли,"30,00 млн €",5,2,0,0,1,0,0,1,3,0.4
229,Evan Ferguson,Центральный нап.,18,Ирландия,Брайтон энд Хоув Альбион,"30,00 млн €",5,4,0,0,0,0,0,3,1,0.8
230,Rayan Cherki,Атак. полузащитник,20,Франция,Олимпик Лион,"30,00 млн €",7,2,0,0,0,0,0,0,4,0.29
231,Jean-Clair Todibo,Центр. защитник,23,Франция,Ницца,"30,00 млн €",5,0,0,1,0,0,0,0,0,0.2
232,Pierre Kalulu,Центр. защитник,23,Франция,Милан,"30,00 млн €",2,0,0,0,0,0,0,2,0,0.0
233,Oihan Sancet,Атак. полузащитник,23,Испания,Атлетик Бильбао,"30,00 млн €",4,0,0,0,0,1,0,1,2,0.0
234,Edmond Tapsoba,Центр. защитник,24,Буркина-Фасо,Байер 04 Леверкузен,"30,00 млн €",6,1,0,0,2,0,0,0,2,0.17
235,Micky van de Ven,Центр. защитник,22,Нидерланды,Тоттенхэм Хотспур,"30,00 млн €",6,0,1,0,2,0,0,0,1,0.0
236,Gonçalo Inácio,Центр. защитник,22,Португалия,Спортинг Лиссабон,"30,00 млн €",5,0,0,0,3,0,0,0,0,0.0
237,Mohamed Camara,Опорный полузащитник,23,Мали,Монако,"30,00 млн €",4,0,0,0,3,0,0,0,3,0.0
238,Max Kilman,Центр. защитник,26,Англия,Вулверхэмптон Уондерерс,"30,00 млн €",6,0,0,0,1,0,0,0,1,0.0
239,Roger Ibañez,Центр. защитник,24,Бразилия,Аль-Ахли,"30,00 млн €",6,1,0,0,3,0,0,0,0,0.17
240,Noni Madueke,Правый Вингер,21,Англия,Челси,"30,00 млн €",4,1,0,1,0,0,0,2,2,0.5
241,Folarin Balogun,Центральный нап.,22,Соединенные Штаты Америки,Монако,"30,00 млн €",4,2,0,0,1,0,0,2,2,0.5
242,Nicolás González,Правый Вингер,25,Аргентина,Фиорентина,"30,00 млн €",6,4,0,1,0,0,0,0,3,0.83
243,Ryan Gravenberch,Центр. полузащитник,21,Нидерланды,Ливерпуль,"30,00 млн €",2,0,0,0,1,0,0,2,0,0.0
244,Youssoufa Moukoko,Центральный нап.,18,Германия,Боруссия Дортмунд,"30,00 млн €",6,3,0,0,0,0,0,5,0,0.5
245,Martin Terrier,Левый Вингер,26,Франция,Стад Ренн,"30,00 млн €",0,0,0,0,0,0,0,0,0,
246,Ademola Lookman,Оттянутый нап.,25,Нигерия,Аталанта,"30,00 млн €",4,1,0,0,1,0,0,1,3,0.25
247,Ferran Torres,Правый Вингер,23,Испания,Барселона,"30,00 млн €",5,3,0,0,0,0,0,4,1,0.6
248,Boubacar Kamara,Опорный полузащитник,23,Франция,Астон Вилла,"30,00 млн €",7,0,0,0,1,0,0,0,3,0.0
249,Axel Disasi,Центр. защитник,25,Франция,Челси,"30,00 млн €",6,1,0,0,2,0,0,0,0,0.17
250,Teun Koopmeiners,Опорный полузащитник,25,Нидерланды,Аталанта,"30,00 млн €",4,1,0,1,0,0,0,0,2,0.5
251,Malcom,Правый Вингер,26,Бразилия,Аль-Хилаль Эр-Рияд,"30,00 млн €",8,5,0,2,0,0,0,0,3,0.88
252,Marcus Edwards,Правый Вингер,24,Англия,Спортинг Лиссабон,"30,00 млн €",4,0,0,0,0,0,0,2,2,0.0
253,Sofyan Amrabat,Опорный полузащитник,27,Марокко,Манчестер Юнайтед,"30,00 млн €",0,0,0,0,0,0,0,0,0,
254,Mattia Zaccagni,Левый Вингер,28,Италия,Лацио,"30,00 млн €",5,0,0,0,2,0,0,0,3,0.0
255,Ángel Correa,Правый Вингер,28,Аргентина,Атлетико Мадрид,"30,00 млн €",4,1,0,1,1,0,0,4,0,0.5
256,Manuel Locatelli,Опорный полузащитник,25,Италия,Ювентус,"30,00 млн €",4,0,0,1,2,0,0,0,1,0.25
257,David Raya,Вратарь,28,Испания,Арсенал,"30,00 млн €",1,0,0,0,0,0,0,0,0,0.0
258,Joachim Andersen,Центр. защитник,27,Дания,Кристал Пэлас,"30,00 млн €",5,1,0,0,0,0,0,0,0,0.2
259,José Gayà,Левый защитник,28,Испания,Валенсия,"30,00 млн €",5,0,0,0,1,0,0,0,2,0.0
260,Paulo Dybala,Оттянутый нап.,29,Аргентина,Рома,"30,00 млн €",2,2,0,0,2,0,0,0,2,1.0
261,Sébastien Haller,Центральный нап.,29,Кот-д'Ивуар,Боруссия Дортмунд,"30,00 млн €",5,2,0,0,1,0,0,0,5,0.4
262,Robert Lewandowski,Центральный нап.,35,Польша,Барселона,"30,00 млн €",6,4,0,4,2,0,0,0,1,1.33
263,Danilo,Центр. полузащитник,22,Бразилия,Ноттингем Форест,"28,00 млн €",4,0,0,0,0,0,0,0,4,0.0
264,Armando Broja,Центральный нап.,22,Албания,Челси,"28,00 млн €",0,0,0,0,0,0,0,0,0,
265,Jesper Lindstrøm,Атак. полузащитник,23,Дания,Наполи,"28,00 млн €",4,0,0,1,0,0,0,2,2,0.25
266,Pedro Neto,Правый Вингер,23,Португалия,Вулверхэмптон Уондерерс,"28,00 млн €",5,0,0,4,1,0,0,0,0,0.8
267,Jérémy Doku,Правый Вингер,21,Бельгия,Манчестер Сити,"28,00 млн €",5,2,0,0,0,0,0,2,3,0.4
268,Leon Bailey,Левый Вингер,26,Ямайка,Астон Вилла,"28,00 млн €",8,4,0,2,1,0,0,2,4,0.75
269,Evan Ndicka,Центр. защитник,24,Кот-д'Ивуар,Рома,"28,00 млн €",1,0,0,0,0,0,0,0,0,0.0
270,Guido Rodríguez,Опорный полузащитник,29,Аргентина,Бетис,"28,00 млн €",5,0,0,0,4,0,0,1,3,0.0
271,Noussair Mazraoui,Правый защитник,25,Марокко,Бавария Мюнхен,"28,00 млн €",6,0,0,0,1,0,0,2,2,0.0
272,Rico Henry,Левый защитник,26,Англия,Брентфорд,"28,00 млн €",5,0,0,1,1,0,0,0,1,0.2
273,Donyell Malen,Правый Вингер,24,Нидерланды,Боруссия Дортмунд,"28,00 млн €",6,4,0,2,1,0,0,0,2,1.0
274,Denzel Dumfries,Правый полузащитник,27,Нидерланды,Интернационале,"28,00 млн €",4,1,0,2,0,0,0,0,3,0.75
275,Emiliano Buendía,Правый Вингер,26,Аргентина,Астон Вилла,"28,00 млн €",0,0,0,0,0,0,0,0,0,
276,Presnel Kimpembe,Центр. защитник,28,Франция,Пари Сен-Жермен,"28,00 млн €",0,0,0,0,0,0,0,0,0,
277,Aleksandr Golovin,Атак. полузащитник,27,Россия,Монако,"28,00 млн €",6,2,0,1,2,0,0,0,3,0.5
278,Alex Iwobi,Атак. полузащитник,27,Нигерия,Фулхэм,"28,00 млн €",3,0,0,0,0,0,0,1,1,0.0
279,Konrad Laimer,Центр. полузащитник,26,Австрия,Бавария Мюнхен,"28,00 млн €",6,0,0,0,0,0,0,3,3,0.0
280,Emiliano Martínez,Вратарь,31,Аргентина,Астон Вилла,"28,00 млн €",5,0,0,0,1,0,0,0,1,0.0
281,Aleksandar Mitrovic,Центральный нап.,29,Сербия,Аль-Хилаль Эр-Рияд,"28,00 млн €",6,5,0,1,0,0,0,1,1,1.0
282,Thiago Almada,Атак. полузащитник,22,Аргентина,Атланта Юнайтед,"27,00 млн €",0,0,0,0,0,0,0,0,0,
283,Nicolò Zaniolo,Атак. полузащитник,24,Италия,Астон Вилла,"27,00 млн €",4,0,0,0,1,0,0,2,2,0.0
284,Daichi Kamada,Атак. полузащитник,27,Япония,Лацио,"27,00 млн €",6,1,0,1,0,0,0,0,6,0.33
285,John McGinn,Центр. полузащитник,28,Шотландия,Астон Вилла,"27,00 млн €",8,1,0,0,1,0,0,1,3,0.12
286,Eljif Elmas,Центр. полузащитник,23,Северная Македония,Наполи,"26,00 млн €",3,0,0,0,1,0,0,2,1,0.0
287,Endrick,Центральный нап.,17,Бразилия,Палмейрас,"25,00 млн €",0,0,0,0,0,0,0,0,0,
288,Lamine Yamal,Правый Вингер,16,Испания,Барселона,"25,00 млн €",6,0,0,2,1,0,0,3,3,0.33
289,Dango Ouattara,Правый Вингер,21,Буркина-Фасо,Борнмут,"25,00 млн €",1,0,0,0,0,0,0,0,1,0.0
290,Alejandro Garnacho,Левый Вингер,19,Аргентина,Манчестер Юнайтед,"25,00 млн €",4,0,0,0,0,0,0,2,2,0.0
291,Mohamed Simakan,Центр. защитник,23,Франция,РБ Лейпциг,"25,00 млн €",6,1,0,1,1,0,0,0,2,0.33
292,Boulaye Dia,Центральный нап.,26,Сенегал,Салернитана,"25,00 млн €",3,1,0,0,0,0,0,2,0,0.33
293,Malo Gusto,Правый защитник,20,Франция,Челси,"25,00 млн €",8,0,0,3,0,0,0,2,3,0.38
294,Castello Lukeba,Центр. защитник,20,Франция,РБ Лейпциг,"25,00 млн €",6,0,0,0,1,0,0,2,1,0.0
295,Beto,Центральный нап.,25,Португалия,Эвертон,"25,00 млн €",5,2,0,1,0,0,0,1,3,0.6
296,Aaron Hickey,Правый защитник,21,Шотландия,Брентфорд,"25,00 млн €",7,0,0,0,3,0,0,1,5,0.0
297,Strahinja Pavlovic,Центр. защитник,22,Сербия,Ред Булл Зальцбург,"25,00 млн €",7,1,0,2,3,0,0,0,0,0.43
298,Youssouf Fofana,Центр. полузащитник,24,Франция,Монако,"25,00 млн €",6,0,0,1,0,0,0,1,2,0.17
299,Destiny Udogie,Левый защитник,20,Италия,Тоттенхэм Хотспур,"25,00 млн €",5,0,0,2,1,0,0,0,2,0.4
300,Santiago Gimenez,Центральный нап.,22,Мексика,Фейеноорд Роттердам,"25,00 млн €",8,6,0,1,0,0,0,1,4,0.88
301,Fábio Vieira,Атак. полузащитник,23,Португалия,Арсенал,"25,00 млн €",4,0,0,2,0,0,0,3,1,0.5
302,Pepê,Левый Вингер,26,Бразилия,Порту,"25,00 млн €",6,0,0,0,2,0,0,1,0,0.0
303,Matheus Cunha,Центральный нап.,24,Бразилия,Вулверхэмптон Уондерерс,"25,00 млн €",5,1,0,0,0,0,0,0,3,0.2
304,Giovanni Reyna,Атак. полузащитник,20,Соединенные Штаты Америки,Боруссия Дортмунд,"25,00 млн €",0,0,0,0,0,0,0,0,0,
305,Tino Livramento,Правый защитник,20,Англия,Ньюкасл Юнайтед,"25,00 млн €",1,0,0,0,0,0,0,1,0,0.0
306,Taylor Harwood-Bellis,Центр. защитник,21,Англия,Саутгемптон,"25,00 млн €",3,0,0,0,1,0,0,0,0,0.0
307,Giorgi Mamardashvili,Вратарь,22,Грузия,Валенсия,"25,00 млн €",5,0,0,0,1,0,0,0,0,0.0
308,Juan Foyth,Правый защитник,25,Аргентина,Вильярреал,"25,00 млн €",5,1,0,0,1,0,0,0,0,0.2
309,Aaron Wan-Bissaka,Правый защитник,25,Англия,Манчестер Юнайтед,"25,00 млн €",5,0,0,1,2,0,0,1,1,0.2
310,Kiernan Dewsbury-Hall,Центр. полузащитник,25,Англия,Лестер Сити,"25,00 млн €",8,2,0,2,3,0,0,1,3,0.5
311,Kevin Schade,Правый Вингер,21,Германия,Брентфорд,"25,00 млн €",7,1,0,0,0,0,0,3,4,0.14
312,David Neres,Правый Вингер,26,Бразилия,Бенфика,"25,00 млн €",5,0,0,2,0,0,0,5,0,0.4
313,Mattéo Guendouzi,Центр. полузащитник,24,Франция,Лацио,"25,00 млн €",7,0,0,0,0,0,0,7,0,0.0
314,Curtis Jones,Центр. полузащитник,22,Англия,Ливерпуль,"25,00 млн €",3,0,0,0,0,0,0,1,1,0.0
315,Jakub Kiwior,Центр. защитник,23,Польша,Арсенал,"25,00 млн €",2,0,0,0,0,0,0,1,0,0.0
316,Matty Cash,Правый защитник,26,Польша,Астон Вилла,"25,00 млн €",7,3,1,0,2,0,0,2,1,0.43
317,Lutsharel Geertruida,Правый защитник,23,Нидерланды,Фейеноорд Роттердам,"25,00 млн €",7,1,0,0,1,0,0,0,0,0.14
318,Perr Schuurs,Центр. защитник,23,Нидерланды,Торино,"25,00 млн €",5,1,0,0,1,0,0,0,0,0.2
319,Ezri Konsa,Центр. защитник,25,Англия,Астон Вилла,"25,00 млн €",7,0,0,0,0,0,0,0,2,0.0
320,Takefusa Kubo,Правый Вингер,22,Япония,Реал Сосьедад,"25,00 млн €",7,3,0,3,1,0,0,1,4,0.86
321,Vitaliy Mykolenko,Левый защитник,24,Украина,Эвертон,"25,00 млн €",2,0,0,0,0,0,0,0,1,0.0
322,David Hancko,Центр. защитник,25,Словакия,Фейеноорд Роттердам,"25,00 млн €",7,0,0,1,1,0,0,0,0,0.14
323,Samuel Chukwueze,Правый Вингер,24,Нигерия,Милан,"25,00 млн €",5,0,0,0,0,0,0,4,1,0.0
324,Maxence Caqueret,Центр. полузащитник,23,Франция,Олимпик Лион,"25,00 млн €",5,0,0,1,0,0,0,0,1,0.2
325,Davide Frattesi,Центр. полузащитник,23,Италия,Интернационале,"25,00 млн €",4,1,0,0,1,0,0,4,0,0.25
326,Brenden Aaronson,Атак. полузащитник,22,Соединенные Штаты Америки,Унион Берлин,"25,00 млн €",6,1,0,1,0,1,0,4,1,0.33
327,Carlos Soler,Центр. полузащитник,26,Испания,Пари Сен-Жермен,"25,00 млн €",4,0,0,0,0,0,0,3,1,0.0
328,Tetê,Правый Вингер,23,Бразилия,Галатасарай,"25,00 млн €",4,0,0,0,0,0,0,1,3,0.0
329,Arnaut Danjuma,Левый Вингер,26,Нидерланды,Эвертон,"25,00 млн €",6,2,0,0,0,0,0,2,1,0.33
330,Sean Longstaff,Центр. полузащитник,25,Англия,Ньюкасл Юнайтед,"25,00 млн €",6,0,0,1,0,0,0,4,0,0.17
331,Kyle Walker-Peters,Правый защитник,26,Англия,Саутгемптон,"25,00 млн €",7,0,0,0,0,0,0,0,0,0.0
332,Eddie Nketiah,Центральный нап.,24,Англия,Арсенал,"25,00 млн €",6,2,0,0,0,0,0,2,4,0.33
333,Takehiro Tomiyasu,Правый защитник,24,Япония,Арсенал,"25,00 млн €",6,0,0,0,0,1,0,4,0,0.0
334,Hirving Lozano,Правый Вингер,28,Мексика,ПСВ Эйндховен,"25,00 млн €",1,0,0,0,0,0,0,1,0,0.0
335,Scott McTominay,Опорный полузащитник,26,Шотландия,Манчестер Юнайтед,"25,00 млн €",4,0,0,0,0,0,0,2,1,0.0
336,Christian Pulisic,Правый Вингер,25,Соединенные Штаты Америки,Милан,"25,00 млн €",7,3,0,0,0,0,0,1,4,0.43
337,Brais Méndez,Атак. полузащитник,26,Испания,Реал Сосьедад,"25,00 млн €",5,0,0,2,1,0,0,0,2,0.4
338,Dominic Calvert-Lewin,Центральный нап.,26,Англия,Эвертон,"25,00 млн €",2,0,0,0,0,0,0,1,1,0.0
339,Kieran Tierney,Левый защитник,26,Шотландия,Реал Сосьедад,"25,00 млн €",4,0,0,0,1,0,0,1,3,0.0
340,Marco Asensio,Левый Вингер,27,Испания,Пари Сен-Жермен,"25,00 млн €",3,2,0,1,0,0,0,0,2,1.0
341,Taiwo Awoniyi,Центральный нап.,26,Нигерия,Ноттингем Форест,"25,00 млн €",6,3,0,2,0,0,0,2,4,0.83
342,Franck Kessié,Центр. полузащитник,26,Кот-д'Ивуар,Аль-Ахли,"25,00 млн €",6,2,0,0,0,0,0,0,1,0.33
343,Ferland Mendy,Левый защитник,28,Франция,Реал Мадрид,"25,00 млн €",0,0,0,0,0,0,0,0,0,
344,Saïd Benrahma,Левый Вингер,28,Алжир,Вест Хэм Юнайтед,"25,00 млн €",6,0,0,1,0,0,0,2,2,0.17
345,Wilfred Ndidi,Опорный полузащитник,26,Нигерия,Лестер Сити,"25,00 млн €",8,3,0,1,0,0,0,2,6,0.5
346,Unai Simón,Вратарь,26,Испания,Атлетик Бильбао,"25,00 млн €",5,0,0,0,1,0,0,0,0,0.0
347,Timothy Castagne,Правый защитник,27,Бельгия,Фулхэм,"25,00 млн €",2,0,0,0,1,0,0,1,0,0.0
348,Amir Rrahmani,Центр. защитник,29,Косово,Наполи,"25,00 млн €",3,0,0,0,0,0,0,0,0,0.0
349,Iñaki Williams,Центральный нап.,29,Гана,Атлетик Бильбао,"25,00 млн €",5,2,0,1,1,0,0,0,2,0.6
350,Enes Ünal,Центральный нап.,26,Турция,Хетафе,"25,00 млн €",0,0,0,0,0,0,0,0,0,
351,Youri Tielemans,Центр. полузащитник,26,Бельгия,Астон Вилла,"25,00 млн €",7,0,0,0,0,0,0,6,0,0.0
352,Patrik Schick,Центральный нап.,27,Чехия,Байер 04 Леверкузен,"25,00 млн €",0,0,0,0,0,0,0,0,0,
353,Reinildo Mandava,Левый защитник,29,Мозамбик,Атлетико Мадрид,"25,00 млн €",0,0,0,0,0,0,0,0,0,
354,Álex Remiro,Вратарь,28,Испания,Реал Сосьедад,"25,00 млн €",5,0,0,0,0,0,0,0,0,0.0
355,Adam Webster,Центр. защитник,28,Англия,Брайтон энд Хоув Альбион,"25,00 млн €",2,0,0,0,1,0,0,0,0,0.0
356,Ruben Loftus-Cheek,Центр. полузащитник,27,Англия,Милан,"25,00 млн €",5,0,0,2,1,0,0,0,5,0.4
357,Sadio Mané,Левый Вингер,31,Сенегал,Аль-Наср Эр-Рияд,"25,00 млн €",9,6,0,0,2,0,0,0,4,0.67
358,Alejandro Grimaldo,Левый защитник,28,Испания,Байер 04 Леверкузен,"25,00 млн €",5,1,0,2,0,0,0,0,0,0.6
359,Aymeric Laporte,Центр. защитник,29,Испания,Аль-Наср Эр-Рияд,"25,00 млн €",6,0,0,0,0,0,0,1,1,0.0
360,Timo Werner,Центральный нап.,27,Германия,РБ Лейпциг,"25,00 млн €",5,0,0,1,0,0,0,3,2,0.2
361,Giovanni Di Lorenzo,Правый защитник,30,Италия,Наполи,"25,00 млн €",4,1,0,2,0,0,0,0,0,0.75
362,Marcelo Brozovic,Опорный полузащитник,30,Хорватия,Аль-Наср Эр-Рияд,"25,00 млн €",7,1,0,2,2,0,0,0,3,0.43
363,Yannick Carrasco,Левый Вингер,30,Бельгия,Аль-Шабаб,"25,00 млн €",4,0,0,1,0,0,0,0,2,0.25
364,Antoine Griezmann,Центральный нап.,32,Франция,Атлетико Мадрид,"25,00 млн €",6,2,0,0,3,0,0,0,3,0.33
365,Jorginho,Опорный полузащитник,31,Италия,Арсенал,"25,00 млн €",3,0,0,0,0,0,0,3,0,0.0
366,Karim Benzema,Центральный нап.,35,Франция,Иттихад,"25,00 млн €",6,3,0,2,0,0,0,0,1,0.83
367,Benjamin Sesko,Центральный нап.,20,Словения,РБ Лейпциг,"24,00 млн €",5,3,0,0,0,0,0,5,0,0.6
368,Wendel,Центр. полузащитник,26,Бразилия,Зенит Санкт-Петербург,"24,00 млн €",7,2,0,4,2,0,0,2,4,0.86
369,Christoph Baumgartner,Атак. полузащитник,24,Австрия,РБ Лейпциг,"24,00 млн €",5,0,0,0,0,0,0,5,0,0.0
370,Gonçalo Guedes,Левый Вингер,26,Португалия,Бенфика,"23,00 млн €",0,0,0,0,0,0,0,0,0,
371,Kamaldeen Sulemana,Левый Вингер,21,Гана,Саутгемптон,"22,00 млн €",2,0,0,0,0,0,1,2,0,0.0
372,Tyrick Mitchell,Левый защитник,24,Англия,Кристал Пэлас,"22,00 млн €",6,0,0,1,0,0,0,0,0,0.17
373,Evanilson,Центральный нап.,23,Бразилия,Порту,"22,00 млн €",2,1,0,0,1,0,0,1,1,0.5
374,Julio Enciso,Оттянутый нап.,19,Парагвай,Брайтон энд Хоув Альбион,"22,00 млн €",2,0,0,2,1,0,0,1,1,1.0
375,Arnaud Kalimuendo,Центральный нап.,21,Франция,Стад Ренн,"22,00 млн €",6,1,0,3,0,0,0,0,5,0.67
376,Rayan Aït-Nouri,Левый защитник,22,Алжир,Вулверхэмптон Уондерерс,"22,00 млн €",7,0,0,0,3,0,0,1,5,0.0
377,Kang-in Lee,Атак. полузащитник,22,Южная Корея,Пари Сен-Жермен,"22,00 млн €",3,0,0,0,1,0,0,1,2,0.0
378,Anatoliy Trubin,Вратарь,22,Украина,Бенфика,"22,00 млн €",1,0,0,0,0,0,0,0,0,0.0
379,Luis Sinisterra,Левый Вингер,24,Колумбия,Борнмут,"22,00 млн €",5,1,0,0,0,0,0,3,1,0.2
380,Facundo Medina,Центр. защитник,24,Аргентина,Ланс,"22,00 млн €",4,0,0,1,3,0,0,0,0,0.25
381,Marcos Senesi,Центр. защитник,26,Аргентина,Борнмут,"22,00 млн €",5,0,0,1,1,0,0,1,2,0.2
382,Nathan Collins,Центр. защитник,22,Ирландия,Брентфорд,"22,00 млн €",5,0,0,1,1,0,0,1,0,0.2
383,Tanguy Ndombélé,Центр. полузащитник,26,Франция,Галатасарай,"22,00 млн €",1,0,0,0,0,0,0,1,0,0.0
384,Charles De Ketelaere,Атак. полузащитник,22,Бельгия,Аталанта,"22,00 млн €",4,1,0,1,0,0,0,2,2,0.5
385,Pedro,Центральный нап.,26,Бразилия,Фламенго,"22,00 млн €",0,0,0,0,0,0,0,0,0,
386,Jack Harrison,Левый Вингер,26,Англия,Эвертон,"22,00 млн €",0,0,0,0,0,0,0,0,0,
387,Robert Sánchez,Вратарь,25,Испания,Челси,"22,00 млн €",6,0,0,0,0,0,0,0,0,0.0
388,Exequiel Palacios,Центр. полузащитник,24,Аргентина,Байер 04 Леверкузен,"22,00 млн €",5,2,0,0,1,0,0,1,2,0.4
389,Hamed Junior Traorè,Атак. полузащитник,23,Кот-д'Ивуар,Борнмут,"22,00 млн €",3,1,0,0,0,0,0,2,1,0.33
390,Nicolò Casale,Центр. защитник,25,Италия,Лацио,"22,00 млн €",3,0,0,0,0,0,0,0,0,0.0
391,Arthur Theate,Центр. защитник,23,Бельгия,Стад Ренн,"22,00 млн €",5,0,0,0,0,0,0,0,0,0.0
392,Pablo Fornals,Атак. полузащитник,27,Испания,Вест Хэм Юнайтед,"22,00 млн €",4,0,0,0,0,0,0,3,1,0.0
393,Tyrell Malacia,Левый защитник,24,Нидерланды,Манчестер Юнайтед,"22,00 млн €",0,0,0,0,0,0,0,0,0,
394,Valentin Rongier,Центр. полузащитник,28,Франция,Олимпик Марсель,"22,00 млн €",7,0,0,0,1,0,0,1,2,0.0
395,Mathias Jensen,Центр. полузащитник,27,Дания,Брентфорд,"22,00 млн €",6,2,0,1,1,0,0,1,3,0.5
396,Gianluca Scamacca,Центральный нап.,24,Италия,Аталанта,"22,00 млн €",4,2,0,0,0,0,0,3,1,0.5
397,Steven Bergwijn,Левый Вингер,25,Нидерланды,Аякс Амстердам,"22,00 млн €",5,2,0,1,2,0,0,0,1,0.6
398,Viktor Tsygankov,Правый Вингер,25,Украина,Жирона,"22,00 млн €",5,1,0,1,0,0,0,0,3,0.4
399,Kevin Danso,Центр. защитник,25,Австрия,Ланс,"22,00 млн €",6,0,0,0,0,0,0,0,1,0.0
400,Joe Gomez,Центр. защитник,26,Англия,Ливерпуль,"22,00 млн €",4,0,0,0,0,0,0,2,0,0.0
401,Tyrone Mings,Центр. защитник,30,Англия,Астон Вилла,"22,00 млн €",1,0,0,0,0,0,0,0,1,0.0
402,Rafa,Левый Вингер,30,Португалия,Бенфика,"22,00 млн €",6,3,0,4,2,0,0,0,2,1.17
403,Xaver Schlager,Центр. полузащитник,25,Австрия,РБ Лейпциг,"22,00 млн €",7,1,0,0,1,0,0,1,1,0.14
404,Djibril Sow,Центр. полузащитник,26,Швейцария,Севилья,"22,00 млн €",3,0,0,0,0,0,0,1,1,0.0
405,Solly March,Правый Вингер,29,Англия,Брайтон энд Хоув Альбион,"22,00 млн €",4,3,0,0,0,0,0,0,3,0.75
406,Thomas Lemar,Атак. полузащитник,27,Франция,Атлетико Мадрид,"22,00 млн €",3,0,0,0,0,0,0,0,3,0.0
407,Filip Kostic,Левый полузащитник,30,Сербия,Ювентус,"22,00 млн €",2,0,0,0,0,0,0,0,2,0.0
408,Kurt Zouma,Центр. защитник,28,Франция,Вест Хэм Юнайтед,"22,00 млн €",5,1,0,0,0,0,0,0,0,0.2
409,Wilfried Zaha,Левый Вингер,30,Кот-д'Ивуар,Галатасарай,"22,00 млн €",2,0,0,0,0,0,0,2,0,0.0
410,Jordan Pickford,Вратарь,29,Англия,Эвертон,"22,00 млн €",6,0,1,0,1,0,0,0,0,0.0
411,Christian Eriksen,Атак. полузащитник,31,Дания,Манчестер Юнайтед,"22,00 млн €",5,1,0,1,0,0,0,2,0,0.4
412,Gift Orban,Центральный нап.,21,Нигерия,Гент,"20,00 млн €",10,6,0,0,2,0,0,1,8,0.6
413,Alex Scott,Центр. полузащитник,20,Англия,Борнмут,"20,00 млн €",0,0,0,0,0,0,0,0,0,
414,Warren Zaïre-Emery,Центр. полузащитник,17,Франция,Пари Сен-Жермен,"20,00 млн €",8,0,0,1,2,0,0,0,4,0.12
415,Mathys Tel,Центральный нап.,18,Франция,Бавария Мюнхен,"20,00 млн €",6,2,0,1,0,0,0,4,1,0.5
416,Vanderson,Правый защитник,22,Бразилия,Монако,"20,00 млн €",5,1,0,1,1,0,0,0,3,0.4
417,Hugo Ekitiké,Центральный нап.,21,Франция,Пари Сен-Жермен,"20,00 млн €",1,0,0,0,0,0,0,1,0,0.0
418,Rico Lewis,Правый защитник,18,Англия,Манчестер Сити,"20,00 млн €",5,0,0,0,0,0,0,3,1,0.0
419,Ilya Zabarnyi,Центр. защитник,21,Украина,Борнмут,"20,00 млн €",5,0,0,0,0,0,0,0,0,0.0
420,Enzo Le Fée,Атак. полузащитник,23,Франция,Стад Ренн,"20,00 млн €",5,0,0,0,0,0,0,0,4,0.0
421,Éderson,Центр. полузащитник,24,Бразилия,Аталанта,"20,00 млн €",4,1,0,1,0,0,0,1,0,0.5
422,Dwight McNeil,Левый Вингер,23,Англия,Эвертон,"20,00 млн €",2,0,0,0,0,0,0,1,1,0.0
423,Nicola Zalewski,Левый полузащитник,21,Польша,Рома,"20,00 млн €",3,0,0,0,0,0,0,1,1,0.0
424,Álex Baena,Атак. полузащитник,22,Испания,Вильярреал,"20,00 млн €",5,1,0,3,2,0,0,0,4,0.8
425,Illan Meslier,Вратарь,23,Франция,Лидс Юнайтед,"20,00 млн €",6,0,0,0,0,0,0,0,0,0.0
426,Terem Moffi,Центральный нап.,24,Нигерия,Ницца,"20,00 млн €",5,3,0,2,1,0,0,1,3,1.0
427,Amine Adli,Правый Вингер,23,Марокко,Байер 04 Леверкузен,"20,00 млн €",3,1,0,3,0,0,0,1,1,1.33
428,Malick Thiaw,Центр. защитник,22,Германия,Милан,"20,00 млн €",5,0,0,0,2,0,0,0,2,0.0
429,Amar Dedic,Правый защитник,21,Босния и Герцеговина,Ред Булл Зальцбург,"20,00 млн €",8,3,0,2,1,0,0,0,0,0.62
430,Neco Williams,Правый защитник,22,Уэльс,Ноттингем Форест,"20,00 млн €",4,0,0,0,0,0,0,1,2,0.0
431,Renan Lodi,Левый защитник,25,Бразилия,Олимпик Марсель,"20,00 млн €",7,0,0,0,2,0,0,0,0,0.0
432,Emerson Royal,Правый защитник,24,Бразилия,Тоттенхэм Хотспур,"20,00 млн €",5,1,0,0,0,0,0,3,0,0.2
433,Samuele Ricci,Опорный полузащитник,22,Италия,Торино,"20,00 млн €",5,0,0,1,0,0,0,0,3,0.2
434,Armel Bella-Kotchap,Центр. защитник,21,Германия,ПСВ Эйндховен,"20,00 млн €",1,0,0,0,0,0,0,0,1,0.0
435,Galeno,Левый Вингер,25,Бразилия,Порту,"20,00 млн €",7,3,0,2,1,0,0,0,1,0.71
436,Youssef En-Nesyri,Центральный нап.,26,Марокко,Севилья,"20,00 млн €",6,2,0,0,0,0,0,1,3,0.33
437,Caio Henrique,Левый защитник,26,Бразилия,Монако,"20,00 млн €",5,0,0,4,0,0,0,0,2,0.8
438,James Justin,Правый защитник,25,Англия,Лестер Сити,"20,00 млн €",4,0,0,0,0,0,0,1,1,0.0
439,Ismaïla Sarr,Правый Вингер,25,Сенегал,Олимпик Марсель,"20,00 млн €",6,2,0,2,0,0,0,1,2,0.67
440,Nicolas Seiwald,Центр. полузащитник,22,Австрия,РБ Лейпциг,"20,00 млн €",3,0,0,0,1,0,0,0,1,0.0
441,Claudinho,Атак. полузащитник,26,Бразилия,Зенит Санкт-Петербург,"20,00 млн €",12,3,0,2,3,0,0,2,7,0.42
442,Dodô,Правый защитник,24,Бразилия,Фиорентина,"20,00 млн €",6,0,0,0,0,0,0,1,1,0.0
443,Arthur Cabral,Центральный нап.,25,Бразилия,Бенфика,"20,00 млн €",4,0,0,0,1,0,0,2,2,0.0
444,Lovro Majer,Центр. полузащитник,25,Хорватия,Вольфсбург,"20,00 млн €",5,0,0,1,1,0,0,1,4,0.2
445,Anel Ahmedhodzic,Центр. защитник,24,Босния и Герцеговина,Шеффилд Юнайтед,"20,00 млн €",5,0,0,0,2,0,0,0,0,0.0
446,André Almeida,Центр. полузащитник,23,Португалия,Валенсия,"20,00 млн €",5,0,0,1,0,0,0,1,4,0.2
447,Florentino,Опорный полузащитник,24,Португалия,Бенфика,"20,00 млн €",5,0,0,0,1,0,0,4,1,0.0
448,Noah Okafor,Центральный нап.,23,Швейцария,Милан,"20,00 млн €",4,0,0,0,1,0,0,4,0,0.0
449,Ché Adams,Центральный нап.,27,Шотландия,Саутгемптон,"20,00 млн €",8,3,0,1,3,0,0,3,3,0.5
450,Boubakary Soumaré,Опорный полузащитник,24,Франция,Севилья,"20,00 млн €",1,0,0,0,0,0,0,1,0,0.0
451,Cengiz Ünder,Правый Вингер,26,Турция,Фенербахче,"20,00 млн €",5,0,0,1,0,0,0,2,3,0.2
452,Merih Demiral,Центр. защитник,25,Турция,Аль-Ахли,"20,00 млн €",4,0,0,0,2,0,1,1,0,0.0
453,Sander Berge,Опорный полузащитник,25,Норвегия,Бернли,"20,00 млн €",6,0,0,0,2,0,0,2,4,0.0
454,Diego Carlos,Центр. защитник,30,Бразилия,Астон Вилла,"20,00 млн €",6,0,0,1,0,0,0,3,1,0.17
455,Philip Billing,Центр. полузащитник,27,Дания,Борнмут,"20,00 млн €",6,0,0,0,0,0,0,0,1,0.0
456,Brahim Díaz,Атак. полузащитник,24,Испания,Реал Мадрид,"20,00 млн €",3,0,0,0,0,0,0,3,0,0.0
457,David García,Центр. защитник,29,Испания,Осасуна,"20,00 млн €",6,0,0,0,3,0,0,0,0,0.0
458,Jonathan Bamba,Левый Вингер,27,Кот-д'Ивуар,Сельта Виго,"20,00 млн €",5,0,0,0,0,0,0,0,1,0.0
459,Wout Faes,Центр. защитник,25,Бельгия,Лестер Сити,"20,00 млн €",7,0,0,0,1,0,0,0,0,0.0
460,Demarai Gray,Левый Вингер,27,Ямайка,Аль-Иттифак,"20,00 млн €",3,1,0,2,0,0,0,1,2,1.0
461,Mykola Matvienko,Центр. защитник,27,Украина,Шахтер Донецк,"20,00 млн €",6,3,0,0,2,0,0,0,0,0.5
462,Ludovic Blas,Атак. полузащитник,25,Франция,Стад Ренн,"20,00 млн €",4,1,0,0,0,0,0,1,1,0.25
463,Ramy Bensebaini,Левый защитник,28,Алжир,Боруссия Дортмунд,"20,00 млн €",7,0,0,1,2,0,0,1,3,0.14
464,Mario Hermoso,Центр. защитник,28,Испания,Атлетико Мадрид,"20,00 млн €",5,0,0,0,3,0,0,0,1,0.0
465,Borja Iglesias,Центральный нап.,30,Испания,Бетис,"20,00 млн €",4,0,0,0,1,0,0,2,2,0.0
466,Vitaly Janelt,Опорный полузащитник,25,Германия,Брентфорд,"20,00 млн €",6,0,0,0,0,0,0,0,2,0.0
467,Jefferson Lerma,Опорный полузащитник,28,Колумбия,Кристал Пэлас,"20,00 млн €",5,0,0,0,0,0,0,0,0,0.0
468,Davide Calabria,Правый защитник,26,Италия,Милан,"20,00 млн €",5,0,0,1,1,0,0,0,3,0.2
469,Ricardo Horta,Левый Вингер,29,Португалия,Брага,"20,00 млн €",8,2,0,6,0,0,0,0,4,1.0
470,Dominic Solanke,Центральный нап.,26,Англия,Борнмут,"20,00 млн €",6,2,0,1,1,0,0,1,0,0.5
471,Daniel Podence,Левый Вингер,27,Португалия,Олимпиакос Пирей,"20,00 млн €",1,0,0,1,0,0,0,0,1,1.0
472,Gabriel Barbosa,Центральный нап.,27,Бразилия,Фламенго,"20,00 млн €",0,0,0,0,0,0,0,0,0,
473,Breel Embolo,Центральный нап.,26,Швейцария,Монако,"20,00 млн €",0,0,0,0,0,0,0,0,0,
474,Philipp Lienhart,Центр. защитник,27,Австрия,Фрайбург,"20,00 млн €",6,0,0,0,2,0,0,0,1,0.0
475,Fredrik Aursnes,Центр. полузащитник,27,Норвегия,Бенфика,"20,00 млн €",7,1,0,2,1,0,0,0,0,0.43
476,Mario Pasalic,Атак. полузащитник,28,Хорватия,Аталанта,"20,00 млн €",2,0,0,0,0,0,0,1,1,0.0
477,Nabil Fekir,Атак. полузащитник,30,Франция,Бетис,"20,00 млн €",0,0,0,0,0,0,0,0,0,
478,Chancel Mbemba,Центр. защитник,29,ДР Конго,Олимпик Марсель,"20,00 млн €",7,1,0,0,0,0,0,1,0,0.14
479,Bryan Cristante,Опорный полузащитник,28,Италия,Рома,"20,00 млн €",4,1,0,2,0,0,0,0,0,0.75
480,Jonathan Tah,Центр. защитник,27,Германия,Байер 04 Леверкузен,"20,00 млн €",6,2,0,0,2,0,0,1,1,0.33
481,Nick Pope,Вратарь,31,Англия,Ньюкасл Юнайтед,"20,00 млн €",6,0,0,0,0,0,0,0,0,0.0
482,Fred,Центр. полузащитник,30,Бразилия,Фенербахче,"20,00 млн €",5,0,0,0,2,0,0,0,1,0.0
483,Harry Maguire,Центр. защитник,30,Англия,Манчестер Юнайтед,"20,00 млн €",2,0,1,0,0,0,0,2,0,0.0
484,Gerard Moreno,Центральный нап.,31,Испания,Вильярреал,"20,00 млн €",5,2,0,0,0,0,0,0,5,0.4
485,Riyad Mahrez,Правый Вингер,32,Алжир,Аль-Ахли,"20,00 млн €",7,2,0,4,1,0,0,0,4,0.86
486,Raphaël Guerreiro,Левый защитник,29,Португалия,Бавария Мюнхен,"20,00 млн €",0,0,0,0,0,0,0,0,0,
487,Álvaro Morata,Центральный нап.,30,Испания,Атлетико Мадрид,"20,00 млн €",5,3,0,0,1,0,0,2,1,0.6
488,Granit Xhaka,Опорный полузащитник,30,Швейцария,Байер 04 Леверкузен,"20,00 млн €",5,0,0,0,1,0,0,0,2,0.0
489,Marcel Sabitzer,Центр. полузащитник,29,Австрия,Боруссия Дортмунд,"20,00 млн €",7,1,0,1,1,0,0,1,3,0.29
490,Ilkay Gündogan,Центр. полузащитник,32,Германия,Барселона,"20,00 млн €",8,0,0,3,0,0,0,1,3,0.38
491,Ivan Ilic,Центр. полузащитник,22,Сербия,Торино,"19,00 млн €",4,1,0,1,1,0,0,1,1,0.5
492,Mauro Icardi,Центральный нап.,30,Аргентина,Галатасарай,"19,00 млн €",8,8,0,1,1,0,0,2,2,1.12
493,Eliesse Ben Seghir,Атак. полузащитник,18,Франция,Монако,"18,00 млн €",0,0,0,0,0,0,0,0,0,
494,João Gomes,Центр. полузащитник,22,Бразилия,Вулверхэмптон Уондерерс,"18,00 млн €",5,0,0,0,2,0,0,0,3,0.0
495,Bradley Barcola,Правый Вингер,21,Франция,Пари Сен-Жермен,"18,00 млн €",7,2,0,1,1,0,0,2,2,0.43
496,Salis Abdul Samed,Опорный полузащитник,23,Гана,Ланс,"18,00 млн €",5,0,0,0,1,0,0,0,1,0.0
497,Adrien Truffert,Левый защитник,21,Франция,Стад Ренн,"18,00 млн €",4,0,0,0,0,0,0,1,2,0.0
498,Odilon Kossounou,Центр. защитник,22,Кот-д'Ивуар,Байер 04 Леверкузен,"18,00 млн €",5,0,0,0,0,0,0,0,1,0.0
499,Wilfried Gnonto,Левый Вингер,19,Италия,Лидс Юнайтед,"18,00 млн €",5,1,0,0,1,0,0,0,2,0.2
500,Iliman Ndiaye,Оттянутый нап.,23,Сенегал,Олимпик Марсель,"18,00 млн €",8,0,0,1,1,0,0,2,6,0.12
